Stuart J. Johnston|1
Sean Michael Kerner|1
Jason Gilmore|2
Adam Stone|2
David Fiedler|1
Ryan Faas|1
Michael Horowitz|1
Drew Robb|1
D.H. Kass|1
Andrew Lock|3
Oliver Widder|3
Gregory A. Larsen|1
Jennifer Schiff|1
Paul Rubens|1
Gerry Blackwell|1
James A. Martin|1
Joe Burns|3
Steve Callan|2
Helen Bradley|1
Joseph Moran|1
Charlie Schluting|1
Matt Sarrel|2
Keith Vance|1
Mike Elgan|1
David Mainville|3
James Alan Miller|2
Peter Evans|2
Vangie Beal|1
Aaron Weiss|2
Mark A. Miller|2
Razi bin Rais|2
Bruce Byfield|1
Denise Rogers|2
Scott Clark|1
Lisa Phifer|1
Ted Stevenson|3
Jeff Vance|1
Michelle Megna|3
Matt Hartley|1
Marcin Policht|2
Housen Maratouk|1
Juliet Kemp|2
Michael Rohde|1
Thor Olavsrud|1
Curtis Dicken|1
Rob Gravelle|2
Deanna Dicken|2
Kenneth Hess|1
Dave Willmer|3
Rob Enderle|3
Joe Moran|1
Sonny Discini|2
Jim Czuprynski|2
Larry Marion|1
David Strom|1
Jeffrey Kaplan|3
Rick Vanover|2
Michael M. David|2
Henry Newman|1
Diana Kelley|1
Jamie Bsales|1
Robert McGarvey|1
Vince Freeman|1
Rebecca Bond|2
Sachin Khosla|2
Deborah Gage|2
Mike Scheuerman|3
Cynthia Harvey|1
Lockwood Lyon|2
Michelle LaBrosse|3
Valerie Arraj|3
Patty Azzarello|3
Vincent Wright|1
Julian Stuhler|2
James Koopmann|2
Saurabh Bhatia|2
Eric Geier|1
Jeff Goldman|1
Bo Chen|3
Troy Dreier|1
Ronald Pacchiano|1
John P. Mello Jr.|1
Dennis Drogseth|3
Serdar Yegulalp|1
Eric Spiegel|1
Ron Ponce|3
Danny Lesandrini|2
Larry Magid|3
Pam Baker|1
Laurie McCabe|3
Sean Hull|2
Herman Mehling|2
Gene Hirschel|3
Hank Marquis|3
Paul Galvin|2
Lauren Darcey|2
David Moskowitz|3
Paul Ferrill|1
Erik Dorr|3
Shane Conder|2
M. Tim Jones|1
Tapas Pal|2
Mike Tainter|3
Edmon Begoli|2
Ann All|3
Joe Wolke|3
Kenny Schiff|2
Sandy Carter|3
Jacek Furmankiewicz|1
Gerry Singson|3
Sangeetha S|2
Faisal Hoque|3
Joe Brockmeier|1
Nilesh Chandra|3
Matt Carrier|3
Arshad Ali|2
Chris Schneider|2
Jabez Gan|2
Maryann von Seggern|3
Alex Goldman|2
Stephen Boschulte|3
Kimberly Samuelson|3
Daniel Burrus|3
Anghel Leonard|2
Greg Baker|3
Jeff Sizemore|3
Sue Marquette Poremba|3
Regunath Balasubramanian|3
Dave Simpson|3
Leidago Noabeb|2
Joydip Kanjilal|2
Robert Gravelle|2
Arpan Dhandhania|2
Sanjeev Kumar|3
M.S. Srinath|2
Jeffery Juday|2
Paul Kimmel|1
Scott Mitchell|1
Chris Bennett|1
Mark Strawmyer|2
Nick Wienholt|2
Brian Prince|2
Jani Jarvinen|1
Arun Karthick|2
Srinath MS|2
Jeffrey Juday|1
Matt Goebel|2
Srinath M S|2
Cathy Malmrose|3
Emery Fletcher|3
Akkana Peck |1
Alex Genadinik|2
Rod Stephens|2
Robert Maksimchuk|2
Bob Reselman|2
Robin Miller|2
Dean Kuhlmann|3
Tyme|1
Jeyarani Venkatasamy|2
Alan Carroll|3
Allen Bernard|3
Gil Bouhnick|3
Ken Gonzalez|3
Chris King|2
Jack Bergstrand|3
Brian Proffitt|1
Joe Mack|2
Christine Taylor|3
Lucas Nguyen|3
Constantin Marian Alin|2
Nitin KL|2
David Cochran|3
Theresa Welbourne|3
Ashish Sarin|3
wei-meng lee|1
Eric Landes|2
Sukrit Dhandhania|2
Ryan Butler|2
Voja Janjic|2
Marco Amagliani|3
Stuart Johnston|3
Mohamed Saood Khan|3
Botao Jia|3
ajad Deyargaroo|3
Zeeshan|3
Shekhar Gulati|2
David Hutchins|3
Ivanka Menken|3
John Reed|3
Daniel Dern|2
Sanjay Castelino|3
Ernest von Simson|3
Bob Simmons|3
Avneet Mangat|2
Lisa Erickson-Harris|3
Gary Miliefsky|3
Mahalakshmi K.|2
Jonathan Hassell|2
Chris Rossi|2
Kara Harris|3
Jimmy Rodriguez|3
Kristy Smith|3
Tyson Hartman|3
John Schmidt|3
Peyton Engel|3
Karen Reliford|2
Ross Smith|3
Gerald Youngblood|2
SysAid Technologies|3
Debbie Gage|2
Art Sedighi|2
Bob Maksimchuk|2
deb gage|2
Gurunath Kalamadi |3
Czuprynski|2
Zachary Ferdinand|3
Alan Earls|2
Vipul Patel|2
Scott Nelson|2
Nathan Segal|2
Brian Fonseca|2
Barbara Rembiesa|3
Andy Monshaw|3
Christine Cignoli|1
Irwin Teodoro|3
Carlos Casanova|3
Linda Cole|3
Matt Swanson|3
Jeffrey Layton|1
Chris Null|2
Katrina Williams|3
Yuvarani Meiyappan|2
A. Murat Mendi|3
Matt Podowitz|3
Scott Alan Miller|1
W.J. Gilmore|2
Steve Vaughan-Nichols|1
Yvo Van Doorn|3
Sue Bergamo|3
Marc Plotz|1
Scott Rosenberg|3
Peter Dobler|3
Srinivasa Meka|3
Robert Schneider|3
Jeffrey Garbus|3
Pragmatic Bookshelf excerpt|3
Book excerpt|3
Sumit Kundu|3
Barbara Craig|3
Deidre Paknad|3
Anthony Stuart, II|2
Erik Walczak|3
Elise Dieterich|3
Vincent Chan|2
Brandon Harris|3
Danny Kalev|2
Meshack Mesundi|3
JasonDove|3
Arjay|3
Apriorit Inc.|3
Muazzam Al|3
Srinath M.S.|2
Silviu-Marius Ardelean|3
NR Hegde|3
Eugene Mayevski|3
Wong Shao Voon|3
Marc Gregoire|3
Issam Lahlali|3
Srinath|2
Marius Bancila|3
Jose Antonio Benetti|3
Akansha Jain, Abhishek Pratap Singh|2
Ramasubramanian Thiyagarajan, Sivakumar Kuppusamy|3
V.N.S Arun|2
Elizabeth Harrin|2
Ed Rivard|3
Ken Bylsma|3
Graham Price|3
Rahul Ponnala|3
Doug Balog|3